<?xml version="1.0" encoding="UTF-8" ?>
<!DOCTYPE mapper      
    PUBLIC "-//mybatis.org//DTD Mapper 3.0//EN"      
    "http://mybatis.org/dtd/mybatis-3-mapper.dtd">

<mapper namespace="kr.or.mydataplatform.svc.com">
	
	<select id="selectUserInfo" parameterType="String" resultType="egovframework.let.dashboard.vo.UserInfoVO">
		SELECT USER_ID
		     , USER_NAME
		     , ETC
		     , USER_AGE
		     , USER_ADDRES
         FROM USER_TB
        WHERE ID = #{id}  
	</select>
	
	<resultMap id="selectInfoListMap" type="egovframework.let.dashboard.vo.VisualVO">
	  <result column="ID" property="id" />
	  <result column="RSOGN_CD" property="rsognCd" />
	  <result column="SRVC_CD"  property="srvcCd" />
	  <result column="SRVC_NM"  property="srvcNm" />
	  <result column="PTCP_INST_CD"  property="ptcpInstCd" />
	  <result column="PTCP_INST_NM"  property="ptcpInstNm" />
	  <result column="MBR_MNG_ID"  property="MBR_MNG_ID" />
	  <result column="FLD_CD"  property="fldCd" />
	  <collection property="shareRequests" column="{MBR_MNG_ID=MBR_MNG_ID,SRVC_CD=SRVC_CD}" javaType="java.util.ArrayList" ofType="egovframework.let.dashboard.vo.VisualServeInfoVO" select="selectServeInfoList"/>
	</resultMap>
	
	<!--  제공 서비스 리스트  -->
	<select id="selectInfoList" parameterType="egovframework.let.dashboard.vo.VisualSearchParam" resultMap="selectInfoListMap">
		SELECT AL150.RSOGN_CD                        /* 중계전문기관 코드 */
             , AL150.SRVC_CD                         /* 서비스코드 */
             , PT300.SRVC_NM                         /* 서비스명 title */
             , PT300.PTCP_INST_CD                    /* 여기관 코드 : 정보수신자 */
             , PT200.PTCP_INST_NM                    /* 참여기관명 : 정보수신자  */
             , AL150.MBR_MNG_ID
             , AL150.FLD_CD                          /* 분야 코드 */
          FROM TB_AL150 AL150
             , TB_PT300 PT300 
             , TB_PT200 PT200 
         WHERE AL150.MBR_MNG_ID   = #{mbrMngId}  
           AND AL150.SRVC_CD      = PT300.SRVC_CD 
           AND PT300.PTCP_INST_CD = PT200.PTCP_INST_CD
           <choose>
	          <when test='srchTrsmRqustSttsCd == "A"'> AND AL150.TRSM_RQUST_STTS_CD = '0' </when>
	          <when test='srchTrsmRqustSttsCd == "R"'> AND AL150.TRSM_RQUST_STTS_CD = '1' </when>
	      </choose>
           GROUP BY AL150.SRVC_CD, AL150.RSOGN_CD, AL150.SRVC_CD, PT300.SRVC_NM, PT300.PTCP_INST_CD , PT200.PTCP_INST_NM, AL150.MBR_MNG_ID, AL150.FLD_CD 
         ORDER BY AL150.SRVC_CD 
	</select>
	
	
	<!--  상세보기  -->
	<select id="selectServeInfoList" parameterType="map" resultType="egovframework.let.dashboard.vo.VisualServeInfoVO">
		SELECT AL150.INFO_TRSM_INST_CD as infoTrsmInstCd        /* 정보제공자 cd */
		     , (SELECT PTCP_INST_NM 
		          FROM TB_PT200 
		         WHERE PTCP_INST_CD = AL150.INFO_TRSM_INST_CD) as infoTrsmInstNm  /* 정보제공자 nm */
		     , AL150.TDPTY_PVSN_AGRE_YN   as  tdptyPvsnAgreYn   /* 제3자제공동의여부 */
		     , AL150.PRVC_HLD_EXPRY_YMD   as prvcHldExpryYmd    /* 개인정보보유만료일자  */
		     , AL150.TRSM_RQUST_RCNTT_YMD as trsmRqustRcnttYmd  /* 전송요구철회일자 */
		     , AL150.TRSM_RQUST_YMD       as trsmRqustYmd       /* 전송요구일자 */
		     , AL150.AUTHRT_SCPE_NM       as authrtScpeNm       /* 권한범위명 */
		  FROM TB_AL150 AL150
		     , TB_PT300 PT300 
		     , TB_PT200 PT200 
		 WHERE AL150.MBR_MNG_ID   = #{MBR_MNG_ID }
		   AND AL150.SRVC_CD      = #{SRVC_CD }
		   AND AL150.SRVC_CD      = PT300.SRVC_CD 
		   AND PT300.PTCP_INST_CD = PT200.PTCP_INST_CD
		 ORDER BY AL150.SRVC_CD 
	</select>
	
	
	
	<select id="selectInfoList2" parameterType="egovframework.let.dashboard.vo.VisualSearchParam" resultType="egovframework.let.dashboard.vo.VisualVO">
		SELECT ROWNUM  AS ID
             , AL150.RSOGN_CD     as rsognCd                    /* 중계전문기관 코드 */
             , AL150.SRVC_CD      as srvcCd                     /* 서비스코드 */
             , PT300.SRVC_NM      as srvcNm                     /* 서비스명 title */
             , PT300.PTCP_INST_CD as ptcpInstCd                 /* 여기관 코드 : 정보수신자 */
             , PT200.PTCP_INST_NM as ptcpInstNm                 /* 참여기관명 : 정보수신자  */
             , AL150.INFO_TRSM_INST_CD as infoTrsmInstCd        /* 정보제공자 cd */
             , (SELECT PTCP_INST_NM 
                  FROM TB_PT200 
                 WHERE PTCP_INST_CD = AL150.INFO_TRSM_INST_CD) as infoTrsmInstNm  /* 정보제공자 nm */
             , AL150.TDPTY_PVSN_AGRE_YN   as  tdptyPvsnAgreYn   /* 제3자제공동의여부 */
             , AL150.PRVC_HLD_EXPRY_YMD   as prvcHldExpryYmd    /* 개인정보보유만료일자  */
             , AL150.TRSM_RQUST_RCNTT_YMD as trsmRqustRcnttYmd  /* 전송요구철회일자 */
             , AL150.TRSM_RQUST_YMD       as trsmRqustYmd       /* 전송요구일자 */
             , AL150.AUTHRT_SCPE_NM       as authrtScpeNm       /* 권한범위명 */
          FROM TB_AL150 AL150
             , TB_PT300 PT300 
             , TB_PT200 PT200 
         WHERE AL150.MBR_MNG_ID   = #{id}  
           AND AL150.SRVC_CD      = PT300.SRVC_CD 
           AND PT300.PTCP_INST_CD = PT200.PTCP_INST_CD
         ORDER BY AL150.SRVC_CD 
	</select>
    
		
</mapper>
